Track name,Artist name,Album,Playlist name,Type,ISRC,Spotify - id
"Salt","Ava Max","Heaven & Hell","Bestest","Playlist","USAT21906991","5iyZwawawLjHYpX4MxUKVF"
"Escapism.","RAYE","Escapism.","Bestest","Playlist","QMDA62217995","2VOZniNxFIDl8ydLltrMNb"
"Umbrella","Rihanna","Good Girl Gone Bad: Reloaded","Bestest","Playlist","USUM70736771","49FYlytm3dAAraYgpoJZux"
"Don't Stop The Music","Rihanna","Good Girl Gone Bad: Reloaded","Bestest","Playlist","USUM70734700","0ByMNEPAPpOR5H69DVrTNy"
"Let Me Entertain You","Robbie Williams","Life Thru A Lens","Bestest","Playlist","GBAYE9701083","0SLtqCrXBRrnkxSOMA3X4W"
"SNAP","Rosa Linn","SNAP","Bestest","Playlist","USSM12207342","76OGwb5RA9h4FxQPT33ekc"
"Whenever, Wherever","Shakira","Laundry Service","Bestest","Playlist","NLB630100324","2lnzGkdtDj5mtlcOW2yRtG"
"Can't Remember to Forget You (feat. Rihanna)","Shakira","Shakira. (Expanded Edition)","Bestest","Playlist","USRC11301790","2Sh4sAOfnSHEVKFyysxzat"
"Treat You Better","Shawn Mendes","Mega Hits 2016","Bestest","Playlist","USUM71604711","3qJ4r12oBqm89GyofKj00X"
"Look What You Made Me Do","Taylor Swift","reputation","Bestest","Playlist","USCJY1750000","1P17dC1amhFzptugyAO7Il"
"Blank Space","Taylor Swift","1989 (Deluxe)","Bestest","Playlist","USCJY1431309","1u8c2t2Cy7UBoG4ArRcF5g"
"Another Love","Tom Odell","Long Way Down (Deluxe)","Bestest","Playlist","GBARL1300107","3JvKfv6T31zO0ini8iNItO"
"WORTH NOTHING (feat. Oliver Tree) - Fast & Furious: Drift Tape/Phonk Vol 1","TWISTED","WORTH NOTHING (feat. Oliver Tree) [Fast & Furious: Drift Tape/Phonk Vol 1]","Bestest","Playlist","QZNWZ2297541","3PjbA0O5olhampPMdaB0V1"
"Holding out for a Hero - from ""Footloose""","Bonnie Tyler","Footloose (Original Motion Picture Soundtrack)","Bestest","Playlist","GBBBN0102640","6Vn7FfpFRMGEpNjbrPTCXV"
"Making Love Out of Nothing at All","Air Supply","The Best of Air Supply: Ones That You Love","Bestest","Playlist","USAR18300001","3RwbqrHZwHg3hpe6sOxMpE"
"In the Name of Love","Martin Garrix","In the Name of Love","Bestest","Playlist","NLM5S1600003","23L5CiUhw2jV1OIMwthR3S"
"Higher","Michael Bublé","Higher","Bestest","Playlist","USRE12100765","4bEpL49l4f0r8GtsjUFUqL"
"Him & I (with Halsey)","G-Eazy","The Beautiful & Damned","Bestest","Playlist","USRC11701867","5k38wzpLb15YgncyWdTZE4"
"Without Me","Eminem","The Eminem Show","Bestest","Playlist","USIR10211038","7lQ8MOhq6IN2w8EYcFNSUk"
"Sweet Dreams (Are Made of This) - 2005 Remaster","Eurythmics","Sweet Dreams (Are Made Of This)","Bestest","Playlist","GBARL0300589","1TfqLAPs4K3s2rJMoCokcS"
"Animals","Maroon 5","Hot Girl Anthems","Bestest","Playlist","USUM71409576","2xcaCFHFkCOsQfpd0ZAsLR"
"Arcade (feat. FLETCHER) - Bonus Track","Duncan Laurence","Small Town Boy (Deluxe)","Bestest","Playlist","NL1TK2000069","6lVu8PUbVwWQWtBYh3Y0Qz"
"One Way Ticket","Eruption","4 Hits: Eruption","Bestest","Playlist","DEC737900008","68MSCSP7Y6PnzXcW1IlN7G"
"Crying in the Club","Camila Cabello","Crying in the Club","Bestest","Playlist","USSM11704592","1SJtlNRJDeYHioymcvsqev"
"Fresh","Kool & The Gang","Emergency (Reissue)","Bestest","Playlist","USUMG0000175","1mMYaXpT65iZDtvfRA9EkE"
"House of Memories","Panic! At The Disco","House Of Memories","Bestest","Playlist","USAT21503710","0roZruGPu7QBsKNCfPQOd4"
"Sweet Little Lies","bülow","Sweet Little Lies","Bestest","Playlist","CAUM71800310","6ZahaGPhyiXTi1pLEtGM6e"
"Story of My Life","One Direction","Midnight Memories (Deluxe)","Bestest","Playlist","GBHMU1300210","4nVBt6MZDDP6tRVdQTgxJg"
"Only Love Can Hurt Like This","Paloma Faith","A Perfect Contradiction (Outsiders' Expanded Edition)","Bestest","Playlist","GBARL1301427","62ke5zFUJN6RvtXZgVH0F8"
"Easy On Me","Adele","Easy On Me","Bestest","Playlist","USSM12105970","0gplL1WMoJ6iYaPgMCL0gX"
"Locked out of Heaven","Bruno Mars","Unorthodox Jukebox","Bestest","Playlist","USAT21203287","3w3y8KPTfNeOKPiqUTakBh"
"Have It All","Jason Mraz","Know.","Bestest","Playlist","USAT21801510","7BXW1QCg56yzEBV8pW8pah"
"Viva La Vida","Coldplay","Viva La Vida or Death and All His Friends","Bestest","Playlist","GBAYE0800265","1mea3bSkSGXuIRvnydlB5b"
"lovely","Billie Eilish","Summer Sucks","Bestest","Playlist","USUM71804190","0fjWxxdAffUKK6tKwq3Q6E"
"Flowers","Miley Cyrus","Endless Summer Vacation","Bestest","Playlist","USSM12209777","7DSAEUvxU8FajXtRloy8M0"
"Save Your Tears","The Weeknd","After Hours","Bestest","Playlist","USUG12000658","5QO79kh1waicV47BqGRL3g"
"Bad Habits","Ed Sheeran","Party Night","Bestest","Playlist","GBAHS2100318","1jZVSECItBVRVBlVz9HcDG"
"Sweater Weather","The Neighbourhood","I Love You. (10th Anniversary Edition)","Bestest","Playlist","USSM11300891","00xYOITpx6SEi1ntfdlA39"
"Mary On A Cross","Ghost","witchy songs by The Circle Sessions","Bestest","Playlist","USC4R1902750","5PdscS0TPOWnGam9eqbCnl"
"No Roots","Alice Merton","Mint","Bestest","Playlist","DEVQ71600001","3D5wnLaeVlCCIPzQOOAirA"
"Lovesick","Alan Walker","Walkerverse Pt. I & II","Bestest","Playlist","NOG842215010","2ECNBJ0b112QmhoBHKq8O6"
"Dream On","Aerosmith","Aerosmith","Bestest","Playlist","USSM10011897","1xsYj84j7hUDDnTTerGWlH"
"Calm Down","Rema","Midnight Vibes","Bestest","Playlist","NGA3B2214021","3YnHHcTIevX8WUNgGxrSdc"
"Livin' On A Prayer","Bon Jovi","PWR ROCKERO II","Bestest","Playlist","USPR38619998","3mCUiOnqxu3NmMDOnp7KFV"
"Wicked Game","Harddope","Wicked Game","Bestest","Playlist","QM42K2108382","2z3TV2ulPlaeBnENHCkkmq"
"MIDDLE OF THE NIGHT","Elley Duhé","MIDDLE OF THE NIGHT","Bestest","Playlist","USRC11903813","58HvfVOeJY7lUuCqF0m3ly"
"Set Fire to the Rain","Adele","21","Bestest","Playlist","GBBKS1000348","3di5hcvxxciiqwMH1jarhY"
"Wake Me Up Before You Go-Go","Wham!","Make It Big","Bestest","Playlist","GBBBN0009712","0ikz6tENMONtK6qGkOrU3c"
"Rock the Night","Europe","The Final Countdown (Expanded Edition)","Bestest","Playlist","USSM10105445","3J9NEWkd9Cx1MwSSvDySkL"
"Bullet In the Head","Rage Against The Machine","Rage Against The Machine","Bestest","Playlist","USSM19200663","11cxKUEgnVAlesUKt4e3br"
"Bad Romance","Lady Gaga","The Fame Monster (Deluxe Edition)","Bestest","Playlist","USUM70918596","0SiywuOBRcynK0uKGWdCnn"
"Let You Down","NF","Chill Hits","Bestest","Playlist","USUM71708226","3AuGngAiB85hmK7tvURWGD"
"Lovin' You Baby","Laura Branigan","Branigan","Bestest","Playlist","USAT20101337","1tKGQPogV8BGsVCX7OZvTU"
"Love You Like A Love Song","Selena Gomez & The Scene","Cheesy Hits","Bestest","Playlist","USHR11132668","66QpVjP2vGORr2hAjE9kAb"
"GOSSIP (feat. Tom Morello)","Måneskin","GOSSIP (feat. Tom Morello)","Bestest","Playlist","ITB002200841","4GvPlSOKfN7aXEuGW8zKUx"
"Total Eclipse of the Heart","Bonnie Tyler","Faster Than the Speed of Night","Bestest","Playlist","GBBBN8302012","1VrfLrBviw9A6JzRoo3t2C"
"Enjoy the Silence","Depeche Mode","The Best of Depeche Mode, Vol. 1 (Deluxe)","Bestest","Playlist","GBAJH0602198","0ULPav7qqKTHn7vgi9v42k"
"Running Up That Hill (A Deal With God) - 2018 Remaster","Kate Bush","Hounds of Love (2018 Remaster)","Bestest","Playlist","GBAYE1800884","3srCbzeE3z0LupnOpdwh4h"
"Morirò da Re","Måneskin","Il ballo della vita","Bestest","Playlist","ITB001800090","1aX0Ki80LFzzhqxqRlqbAV"
"Royalty","Egzod","Royalty","Bestest","Playlist","GB2LD2110089","7kUljt0NM5sISL3OGNVxYd"
"A Man for All Seasons","Flies on the Square Egg","A Tribute to Robbie Williams, Vol. 1","Bestest","Playlist","CAM460422869","6K5Qga3bLIZxkz9ez3lfvu"
"Gangsta's Paradise","Coolio","Gangsta's Paradise","Bestest","Playlist","USTB10250016","3iXI6ZaNBoL2dNv9K7LBh3"
"The Drum","Alan Walker","Walkerverse Pt. I & II","Bestest","Playlist","NOG842205010","3a30AggW6Hi5yZuHJyZrZu"
"Trouble In Paradise","Alice Merton","Mint","Bestest","Playlist","DEVQ71900007","3N4v33W3acVCQRWwUENDr7"
"Alone","Alan Walker","Different World","Bestest","Playlist","NOG841617010","3LlmKSHR3Rs0Y3KHQLAYDk"
"Ignite","Alan Walker","Ignite","Bestest","Playlist","NOG841803010","1jLsirPDkUS2g4gnkYua58"
"Drunk Groove","MARUV","Black Water","Bestest","Playlist","RUA591701134","5oAuqB3aoXBm0nmyEKYxAU"
"ABCDEFU","Harddope","ABCDEFU","Bestest","Playlist","QZKDK2240847","2xbw8jEdJAiiP3VCbOWKvK"
"Leave Me Alone - 2012 Remaster","Michael Jackson","Bad (Remastered)","Bestest","Playlist","USSM11204990","6pJSulm9EBmsYGnp3uaEFl"
"Beat It","Michael Jackson","The Essential Michael Jackson","Bestest","Playlist","USSM19902990","1xEpz8iZDReyXevFcP89XG"
"Bad - 2012 Remaster","Michael Jackson","Bad 25th Anniversary","Bestest","Playlist","USSM11204980","5lWFrW5T3JtxVCLDb7etPu"
"Smooth Criminal - Radio Edit","Michael Jackson","The Essential Michael Jackson","Bestest","Playlist","USSM19909073","2GVYPY8Sv7U7cJkDFu3Ft1"
"Skyfall","Adele","Skyfall","Bestest","Playlist","GBBKS1200164","6VObnIkLVruX4UVyxWhlqm"
"Ainsi bas la vida","Indila","Mini World (Deluxe)","Bestest","Playlist","FRUM71402811","4lsOsGMzO1yCjGVucoWOZ1"
"Sound of da Police","KRS-One","Return of the Boom Bap","Bestest","Playlist","GBAHK9300100","3Y6XWs8xMlCngyIxNOFnsp"
"One Way Or Another","Blondie","Running 140-160-180 BPM - Uptempo","Bestest","Playlist","USCH38500014","03eLCP1AVNMxt9wTUc9xQQ"
"Lay All Your Love On Me","ABBA","Love Song Classics","Bestest","Playlist","SEAYD8001090","2dtaYtDMbRfVvcRF7cTKnY"
"Ride","Twenty One Pilots","Blurryface","Bestest","Playlist","USAT21500598","2Z8WuEywRWYTKe1NybPQEW"
"I Am The Future","Triniti Bhaguandas","High On Life","Bestest","Playlist","QMUJA2101981","0Ar8Zm3p2UMMTkZlNUmMsp"
"Hello World","Alan Walker","Walkerverse Pt. I & II","Bestest","Playlist","NOG842201010","7dRlvfMWDLG11RidzmLrWe"
"Objection (Tango)","Shakira","Laundry Service","Bestest","Playlist","NLB630100360","36YNa8joLwu9yor2TkZbIY"
"Ninja","Europe","The Final Countdown (Expanded Edition)","Bestest","Playlist","USSM18600405","7cMQPvEEDqKRHzyYkJR3QY"
"Rockabye","Clean Bandit","Glad U Came Feel Good","Bestest","Playlist","GBAHS1600363","2ZkWvnnPK4ZgHeUoNqXAcy"
"Just Dance","Lady Gaga","The Fame Monster (Deluxe Edition)","Bestest","Playlist","USUM70807646","3QuEpyj4kTRWiWuckd1hcK"
"I'm So Excited","The Pointer Sisters","Hits!","Bestest","Playlist","USRC18203285","1XvrMOEi2oLFYdrkfIX3xG"
"Watermelon Sugar","Harry Styles","Fine Line","Bestest","Playlist","USSM11912587","6UelLqGlWMcVH1E5c4H7lY"
"Big Girls Cry","Sia","1000 Forms Of Fear","Bestest","Playlist","USRC11400980","75xgoXAGed7jiNDdV8TNOe"
"Who Is She ?","I Monster","Neveroddoreven","Bestest","Playlist","GBDKA0300194","1QxcWlk8PivolUaWcpAoNq"
"Faded Love","Nito-Onna","Faded Love","Bestest","Playlist","QM42K2266409","189pjQyE8glS6BnqAC14kY"
"Children of the Sky (a Starfield song)","Imagine Dragons","Children of the Sky (a Starfield song)","Bestest","Playlist","USUM72308805","1W7ughJhjRaANaAUcxTfnC"
"Kids in America","The Muffs","Hamburger","Bestest","Playlist","USQY50972559","5lZAzpl6XoswhDz7BukTta"
"I Should've Followed You Home (feat. Gary Barlow)","Agnetha Fältskog","A","Bestest","Playlist","GBUM71300764","2QVvjkg932elT14hJSP0in"
"Love Me Like You Do - From ""Fifty Shades Of Grey""","Ellie Goulding","Florals for Spring","Bestest","Playlist","GBUM71406823","4FHZBOF1v286ciThJeky3D"
"Oh My God","Adele","30","Bestest","Playlist","USSM12105973","3Kkjo3cT83cw09VJyrLNwX"
"Legends Never Die","League of Legends","Legends Never Die","Bestest","Playlist","QMAF31500062","1FpVJ7HpZInE2GvhVE2TwT"
"Angels Like You","Miley Cyrus","Plastic Hearts","Bestest","Playlist","USRC12003754","0QdePZJfBpRIBautuT4FSx"
"Sign of the Times","Europe","The Final Countdown: The Best Of Europe","Bestest","Playlist","USSM18800128","6lDOd09xa76ZCZnl5AkCxm"
"THE LONELIEST","Måneskin","THE LONELIEST","Bestest","Playlist","ITB002200745","1Ame8XTX6QHY0l0ahqUhgv"
"Someone Like You","Adele","21","Bestest","Playlist","GBBKS1000351","3bNv3VuUOKgrf5hu3YcuRo"
"Talking to the Moon","Bruno Mars","Doo-Wops & Hooligans","Bestest","Playlist","USAT21001985","1wVuPmvt6AWvTL5W2GJnzZ"
"Love Never Felt So Good","Michael Jackson","XSCAPE","Bestest","Playlist","USSM11401744","0S5EEpFAHcT7cm5XOASc29"
"Fearless Pt. II","Lost Sky","Fearless Pt. II","Bestest","Playlist","GB2LD1700381","4y1nvncvBhdoelqPMyXxis"
"Your Love","The Outfield","Play Deep","Bestest","Playlist","USSM10100176","0WoFs3EdGOx58yX5BtXvOa"
"Dancin (feat. Luvli) - Krono Remix","Aaron Smith","Dancin (feat. Luvli) [Krono Remix]","Bestest","Playlist","QMLA71400326","6WkJ2OK163XXS2oARUC9JM"
"(I Just) Died In Your Arms","Cutting Crew","Classic Road Trip Songs","Bestest","Playlist","GBAAA8600046","3qB3imBWEgiI13NPAUN6o9"
"Riptide","Vance Joy","Dream Your Life Away","Bestest","Playlist","AULI01385760","7yq4Qj7cqayVTp3FF9CWbm"
"Sweet but Psycho","Ava Max","Heaven & Hell","Bestest","Playlist","USAT21802011","7DnAm9FOTWE3cUvso43HhI"
"Diamonds","Rihanna","Unapologetic (Deluxe)","Bestest","Playlist","USUM71211793","6O20JhBJPePEkBdrB5sqRx"
"PILLOWTALK","ZAYN","PILLOWTALK","Bestest","Playlist","USRC11600042","0IKK48xF4eEdfofyaeKWWO"
"Alone, Pt. II","Alan Walker","World Of Walker","Bestest","Playlist","NOG841907010","28VbwtsYnj85UEODGpQRem"
"Making Love Out of Nothing at All","Air Supply","Românticas Anos 80","Bestest","Playlist","USAR18300001","3E6Sv9PtngXfljg0dCHGoM"
"Part-Time Lover","Stevie Wonder","In Square Circle","Bestest","Playlist","USMO18500543","0Dm43YLUlGdePpSbI1ct8h"
"Gloria","Laura Branigan","Self Control","Bestest","Playlist","USAT20903895","76OMKj3Pcd1i1095M0whB3"
"Come Sail Away","Styx","The Grand Illusion","Bestest","Playlist","USUMG0000438","0PsbWiVtix5FoTZ1s00mEl"
"Unstoppable","Sia","This Is Acting (Deluxe Version)","Bestest","Playlist","USRC11502934","1yvMUkIOTeUNtNWlWRgANS"
"Gimme! Gimme! Gimme! (A Man After Midnight)","ABBA","ABBA Gold","Bestest","Playlist","SEAYD7901120","1DSfSCGnvhEP8XA2oKkcCq"
"I'm a Believer","The Monkees","The Best of The Monkees","Bestest","Playlist","USRH10125749","1CSLeVCXmetBh8IkTPMFdL"
"Maniac","Michael Sembello","Flashdance (Original Soundtrack From The Motion Picture)","Bestest","Playlist","USPR38302462","0QKfiqpEU4h9ycPSzIFwYe"
"Sway","Michael Bublé","Michael Bublé","Bestest","Playlist","USRE10201551","2ajUl8lBLAXOXNpG4NEPMz"
"Enemy (with JID) - from the series Arcane League of Legends","Imagine Dragons","Enemy (with JID) [from the series Arcane League of Legends]","Bestest","Playlist","USUM72119916","1r9xUipOqoNwggBpENDsvJ"
"Demons","Imagine Dragons","Night Visions","Bestest","Playlist","USUM71201071","5qaEfEh1AtSdrdrByCP7qR"
"Believer","Imagine Dragons","Evolve","Bestest","Playlist","USUM71700626","0pqnGHJpmpxLKifKRmU6WP"
"Don't Start Now","Dua Lipa","Don't Start Now","Bestest","Playlist","GBAHT1901121","6WrI0LAC5M1Rw2MnX2ZvEg"
"If You Were a Woman (And I Was a Man)","Bonnie Tyler","Secret Dreams and Forbidden Fire","Bestest","Playlist","GBBBN8602006","5NBPV2NQTepcZy1fD2KI43"
"Movin' Out (Anthony's Song)","Billy Joel","The Stranger","Bestest","Playlist","USSM17700369","4cG3ovmC8Hnp9ZsmSZI2O4"
"lovely (with Khalid)","Billie Eilish","lovely (with Khalid)","Bestest","Playlist","USUM71804190","0u2P5u6lvoDfwTYjAADbn4"
"Voulez-Vous","ABBA","Voulez-Vous","Bestest","Playlist","SEAYD7901020","17OqI90oTFZ3J8PVu6j07V"
"Lay All Your Love On Me","ABBA","ABBA Gold","Bestest","Playlist","SEAYD8001090","2245x0g1ft0HC7sf79zbYN"
"Beggin'","Måneskin","Chosen","Bestest","Playlist","ITB001700846","3Wrjm47oTz2sjIgck11l5e"
"The Final Countdown","Europe","The Final Countdown (Expanded Edition)","Bestest","Playlist","USSM18600196","3MrRksHupTVEQ7YbA0FsZK"
"Devil Doesn’t Bargain","Alec Benjamin","(Un)Commentary","Bestest","Playlist","USAT22200712","1zu2GKHPJIsUu80SUJX4H4"
"She Works Hard For The Money","Donna Summer","She Works Hard For The Money","Bestest","Playlist","USPR39402405","3FlOciKDqFlTMPeC7t92Qy"
"Atlantis","Seafret","Tell Me It's Real (Expanded Edition)","Bestest","Playlist","GBARL1500316","1Fid2jjqsHViMX6xNH70hE"
"you were there for me","Henry Moodie","in all of my lonely nights","Bestest","Playlist","UKW3Z2201508","2jBt7c8o1dDuyIIgepcNsz"
"Cake By The Ocean","DNCE","DNCE","Bestest","Playlist","USUM71514637","76hfruVvmfQbw0eYn1nmeC"
"Dance Monkey","Tones And I","The Kids Are Coming","Bestest","Playlist","QZES71982312","5ZULALImTm80tzUbYQYM9d"
"Safe And Sound","Capital Cities","In A Tidal Wave Of Mystery (Deluxe Edition)","Bestest","Playlist","USCA21203108","6Z8R6UsFuGXGtiIxiD8ISb"
"Whatever It Takes","Imagine Dragons","Evolve","Bestest","Playlist","USUM71703515","6Qn5zhYkTa37e91HC1D7lb"
"Natural","Imagine Dragons","Origins (Deluxe)","Bestest","Playlist","USUM71806694","2FY7b99s15jUprqC0M5NCT"
"There's Nothing Holdin' Me Back","Shawn Mendes","Illuminate (Deluxe)","Bestest","Playlist","USUM71702833","7JJmb5XwzOO8jgpou264Ml"
"Human","Rag'n'Bone Man","Human (Deluxe)","Bestest","Playlist","GBARL1600665","58zsLZPvfflaiIbNWoA22O"
"The Nights","Avicii","The Days / Nights","Bestest","Playlist","CH3131340464","0ct6r3EGTcMLPtrXHDvVjc"
"Without Me","Halsey","Without Me","Bestest","Playlist","USUM71813499","5p7ujcrUXASCNwRaWNHR1C"
"Wolves","Selena Gomez","Wolves","Bestest","Playlist","USUM71712103","0tBbt8CrmxbjRP0pueQkyU"
"What About Us","P!nk","Beautiful Trauma","Bestest","Playlist","USRC11701586","7tSyofAfG8GVFYcL565kXl"
"Bloody Mary","Lady Gaga","Antierou","Bestest","Playlist","USUM71106449","5XDtmUJf2XIjDQL3jh2mrV"
"NO","Meghan Trainor","Thank You (Deluxe Version)","Bestest","Playlist","USSM11600935","0l0CvurVUrr2w3Jj1hOVFc"
"Someone To You","BANNERS","Empires On Fire","Bestest","Playlist","USUM71705215","14BH4qO7pgCmIe6mgLKOK3"
"Counting Stars","OneRepublic","Native","Bestest","Playlist","USUM71301306","2tpWsVSb9UEmDRxAl1zhX1"
"Chandelier","Sia","1000 Forms Of Fear","Bestest","Playlist","USRC11400498","4VrWlk8IQxevMvERoX08iC"
"Bring Me To Life","Evanescence","Fallen","Bestest","Playlist","USWU30200093","0COqiPhxzoWICwFCS4eZcp"
"Smooth Operator - Single Version","Sade","The Best of Sade","Bestest","Playlist","GBBBM8400016","1Hv1VTm8zeOeybub15mA2R"
"Cheap Thrills","Sia","This Is Acting","Bestest","Playlist","USRC11502935","27SdWb2rFzO6GWiYDBTD9j"
"Love You Like A Love Song","Selena Gomez & The Scene","When The Sun Goes Down","Bestest","Playlist","USHR11132668","0laYHRpNTS6i8FXdupHkJ4"
"Roar","Katy Perry","PRISM (Deluxe)","Bestest","Playlist","USUM71308669","6F5c58TMEs1byxUstkzVeM"
"THAT'S WHAT IT TAKES","NEFFEX","SOMETHING YOU COULD NEVER OWN","Bestest","Playlist","TCAFR2182498","5gN1RboOeOtAJf8euyX60d"
"Billie Jean","Michael Jackson","Thriller","Bestest","Playlist","USSM19902991","7J1uxwnxfQLu4APicE5Rnj"
"Heaven Is A Place On Earth","Belinda Carlisle","Heaven Is A Place On Earth","Bestest","Playlist","GBAAA8700010","4vTzVPLcZW8CY4Uelmj0ha"
"Zombie","The Cranberries","Stars: The Best Of The Cranberries 1992-2002","Bestest","Playlist","USIR29400443","1RSf4PIZomN5xGb2Arat9X"
"We Found Love","Rihanna","Talk That Talk","Bestest","Playlist","USUM71115507","0U10zFw4GlBacOy9VDGfGL"
"I'm Good (Blue)","David Guetta","I'm Good (Blue)","Bestest","Playlist","UKWLG2200055","4uUG5RXrOk84mYEfFvj3cK"
"FRIENDS","Marshmello","Speak Your Mind (Deluxe)","Bestest","Playlist","GBAHS1800025","6IQCmIGaOxzjNNcwScETVD"
"Love Me Like You Do","Ellie Goulding","Fifty Shades Freed (Original Motion Picture Soundtrack)","Bestest","Playlist","GBUM71706324","0Cy7wt6IlRfBPHXXjmZbcP"
"It's a Heartache","Bonnie Tyler","It's a Heartache","Bestest","Playlist","GBAJE7700003","5MRMGCDzkWCJgLG8Pf27ts"
"Wrecking Ball","Miley Cyrus","Bangerz (Deluxe Version)","Bestest","Playlist","USRC11301214","2vwlzO0Qp8kfEtzTsCXfyE"
"Someone You Loved","Lewis Capaldi","Breach","Bestest","Playlist","DEUM71807062","2TIlqbIneP0ZY1O0EzYLlc"
"Dirty Diana - 2012 Remaster","Michael Jackson","Bad (Remastered)","Bestest","Playlist","USSM11204988","0AcgKF7kbSoCkh3n7vlHwK"
"Heads Will Roll","Yeah Yeah Yeahs","Halloween Songs 2023","Bestest","Playlist","GBUM70900924","34AuTiblAOlZvzwAupivk8"
"Radioactive","Imagine Dragons","Night Visions","Bestest","Playlist","USUM71201074","62yJjFtgkhUrXktIoSjgP2"
"THE LONELIEST","Måneskin","RUSH! (ARE U COMING?)","Bestest","Playlist","ITB002200745","0U6CYXC7GssMwemCicM7nI"
"Alarm","Anne-Marie","Speak Your Mind (Deluxe)","Bestest","Playlist","GBAHS1600223","572xshmOviSGH70oPYMCZV"
"Gone, Gone, Gone","Phillip Phillips","The World From The Side Of The Moon","Bestest","Playlist","QMTM61200406","56sxN1yKg1dgOZXBcAHkJG"
"(I Just) Died In Your Arms","Cutting Crew","Broadcast","Bestest","Playlist","GBAAA8600046","4ByEFOBuLXpCqvO1kw8Wdm"
"Summertime Sadness","Lana Del Rey","Born To Die","Bestest","Playlist","GBUM71111565","61ZGyX8OgIlxJZkZn64IjO"
"La leçon particulière - Bande originale du film ""La leçon particulière""","Francis Lai","La leçon particulière (Bande originale du film)","Bestest","Playlist","CH1956980330","2oYnUjl0HT8lwWPnO6nwL3"
"Alabama","Adèle Castillon","Plaisir Risque Dépendance","Bestest","Playlist","FRDWM2200440","0vJxo7x6jnFKbtFgtihMvJ"
"The Business","Tiësto","DRIVE","Bestest","Playlist","CYA112000624","57uNXnf4ciHYP4HktbIbzC"
"This Is The Life","Amy Macdonald","This Is The Life (Sped Up Version)","Bestest","Playlist","GBUM70607840","5S4Qf0HLNHT2qSubZWz7NU"
"Sharks","Imagine Dragons","Mercury - Acts 1 & 2","Bestest","Playlist","USUM72205464","7sA2SKTo1QbTSSYn5YvJC4"
"Who's Laughing Now","Ava Max","Heaven & Hell","Bestest","Playlist","USAT22001106","1Pmp486RrLRkaEkE3HFHXP"
"Hey Mama (feat. Nicki Minaj, Bebe Rexha & Afrojack)","David Guetta","Listen","Bestest","Playlist","GB28K1400058","285HeuLxsngjFn4GGegGNm"
"Travel to Romantis","Ace of Base","Beautiful Life - The Singles Box","Bestest","Playlist","SEVJH0803304","216HtgDsbqIOqhmyRzWgad"
"Tragedy","Bee Gees","Spirits Having Flown","Bestest","Playlist","NLF057990026","6UXXeFqMBGiqjkzQzkMT3E"
"Can't Take My Eyes Off of You - Radio Edit","Gloria Gaynor","Can't Take My Eyes Off of You","Bestest","Playlist","ITQ030000085","6PgwqtSYBDezyo8AwyWDbv"
"Call on Me","Bebe Rexha","Call on Me","Bestest","Playlist","USWB12300789","6NAeCHRuzqURCsUpYTQbjK"
"Happy - From ""Despicable Me 2""","Pharrell Williams","G I R L","Bestest","Playlist","USQ4E1300686","60nZcImufyMA1MKQY3dcCH"
"Break My Heart Myself","Bebe Rexha","Anti Valentinstag 2024","Bestest","Playlist","USWB12100587","456vPethXTxuXT0azSvZvg"
"The Rhythm of the Night","Corona","The Rhythm of the Night","Bestest","Playlist","ITA199800041","0ofMkI3jzmGCElAOgOLeo3"
"Ciao Adios","Anne-Marie","Speak Your Mind (Deluxe)","Bestest","Playlist","GBAHS1700195","01BC4Xj5tfsfV8DLDrma7q"
"Here With Me","Marshmello","Here With Me","Bestest","Playlist","USUG11900610","5icOoE6VgqFKohjWWNp0Ac"
"Rewrite The Stars","James Arthur","The Greatest Showman: Reimagined (Deluxe)","Bestest","Playlist","USAT21811541","7FlHNJT4TC120CDvFOHzei"
"My Oh My (feat. DaBaby)","Camila Cabello","Romance","Bestest","Playlist","USSM11914257","3yOlyBJuViE2YSGn3nVE1K"
"Sleepwalker","Ava Max","Diamonds & Dancefloors","Bestest","Playlist","USAT22206819","1pFuoLQ9iRbPv7a0LQvhEJ"
"Impossible","James Arthur","James Arthur (Deluxe)","Bestest","Playlist","GBHMU1200338","5yVIlYEHZxQVLyInCdldoS"
"Never Seen the Rain","Tones And I","Welcome To The Madhouse (Deluxe)","Bestest","Playlist","AUBM01900174","5zLnA9bO6QXc4AAvCriJfO"
"I'm a Mess","Bebe Rexha","Expectations","Bestest","Playlist","USWB11800739","04ZTP5KsCypmtCmQg5tH9R"
"Sugar","Maroon 5","Summer Road Trip","Bestest","Playlist","USUM71410340","6nxxPrnnucNeba4SIytm2V"
"I Am Free","Tones And I","I Am Free","Bestest","Playlist","USAT22302355","7DEyedwkIyFO5lypt3fG8T"
"Me, Myself & I","G-Eazy","When It's Dark Out (Deluxe Edition)","Bestest","Playlist","USRC11502210","5TL04XPWpL2rTK7HLBWK6N"
"Who Did That to You - From ""Django Unchained""","Geronimo","Who Did That to You (Best Western Songs)","Bestest","Playlist","DEH981403060","61bl0rlKLKkJgm1omOJBJz"
"Scars To Your Beautiful","Alessia Cara","Know-It-All (Deluxe)","Bestest","Playlist","USUM71506811","42ydLwx4i5V49RXHOozJZq"
"The Code","Nemo","The Code","Bestest","Playlist","DEUM72401182","1EjIXKhNHI00ZLMRpS8iz8"
"Beautiful Life","Ace of Base","The Bridge","Bestest","Playlist","SEVJH0803501","74jTexO94dFGyXGyeu8krd"
"Party Rock Anthem","LMFAO","Sorry For Party Rocking","Bestest","Playlist","USUM71100061","7mitXLIMCflkhZiD34uEQI"
"Lush Life","Zara Larsson","So Good","Bestest","Playlist","SEWEE1500509","4Bd7WFT93cRqlfyGi6eK93"
"Unholy (feat. Kim Petras)","Sam Smith","Gloria","Bestest","Playlist","GBUM72205415","0NZPBYD5qbEWRs3PrGiRkT"
"My Heart Will Go On - Love Theme from ""Titanic""","Céline Dion","Let's Talk About Love","Bestest","Playlist","CAC229700120","33LC84JgLvK2KuW43MfaNq"
"Water Under the Bridge","Adele","25","Bestest","Playlist","GBBKS1500219","2DRMuw0U0QbkVQxWxdJV3M"
"Oops!...I Did It Again","Britney Spears","Oops!... I Did It Again","Bestest","Playlist","USJI10000100","6naxalmIoLFWR0siv8dnQQ"
"Yeah! (feat. Lil Jon & Ludacris)","USHER","Confessions (Expanded Edition)","Bestest","Playlist","USAR10301423","5rb9QrpfcKFHM1EUbSIurX"
"Happy Nation","Ace of Base","Happy Nation","Bestest","Playlist","SEVJH0803407","7yCF65vpc7sUwPjftI0iFb"
"Queen of Kings","Alessandra","Queen of Kings","Bestest","Playlist","NOW7B2301090","14LdhxElpZS0rKVV4nxtdA"
"Winterwood","Don McLean","American Pie","Bestest","Playlist","USEM38600156","2k6wHVi4WetZAHr6liaZbl"
"American Pie","Don McLean","American Pie","Bestest","Playlist","USEM38600088","1fDsrQ23eTAVFElUMaf38X"
"Where Have You Been","Rihanna","Talk That Talk","Bestest","Playlist","USUM71118074","3tyPOhuVnt5zd5kGfxbCyL"
"We Built This City","Starship","Knee Deep In The Hoopla","Bestest","Playlist","USRC18503424","6OnfBiiSc9RGKiBKKtZXgQ"
"I Will Survive","Gloria Gaynor","Love Tracks","Bestest","Playlist","USUR10200634","7rIovIsXE6kMn629b7kDig"
"We Are The Champions - Remastered 2011","Queen","News Of The World (2011 Remaster)","Bestest","Playlist","GBUM71029619","1lCRw5FEZ1gPDNPzy1K4zW"
"You Give Love A Bad Name","Bon Jovi","Slippery When Wet","Bestest","Playlist","USPR39402224","0rmGAIH9LNJewFw7nKzZnc"
"Hold the Line","TOTO","Toto","Bestest","Playlist","USSM17800444","4aVuWgvD0X63hcOCnZtNFA"
"Little Dark Age","MGMT","Little Dark Age","Bestest","Playlist","USSM11707035","2Y0iGXY6m6immVb2ktbseM"
"Lady - Hear Me Tonight","Modjo","Modjo (Remastered)","Bestest","Playlist","FR9W10100535","49X0LAl6faAusYq02PRAY6"
"Nothing's Gonna Stop Us Now","Starship","Greatest Hits (Ten Years And Change 1979-1991)","Bestest","Playlist","USRC18702968","6Yl4IHeVsFnWUtB87JEOMS"
"All That She Wants","Ace of Base","The Sign","Bestest","Playlist","SEVJH0803401","6kWJvPfC4DgUpRsXKNa9z9"
"Geronimo's Cadillac","Modern Talking","In The Middle Of Nowhere","Bestest","Playlist","DEC738600056","5burXYqqO8z0GEnltThZKw"
"I Was Made For Lovin' You","KISS","Dynasty","Bestest","Playlist","USPR39330175","07q0QVgO56EorrSGHC48y3"
"Tom's Diner","AnnenMayKantereit","Tom's Diner","Bestest","Playlist","DEUM71903009","0oA9wBGDY4uyILLg4GymWP"
"Homage","Mild High Club","Skiptracing","Bestest","Playlist","US2S71673002","7DcJ6fEBb7BaKuYKTwiDxK"
"fly me to the moon","Nursena Yener","fly me to the moon","Bestest","Playlist","QZNWW2492072","3LzdSqP30ogrGS6QIdRUAs"
"Solo (feat. Demi Lovato)","Clean Bandit","What Is Love? (Deluxe Edition)","Bestest","Playlist","GBAHS1800328","3NuK5xMlSlB6K2Qp16zf3h"
"Say My Name","David Guetta","7: Anniversary Edition","Bestest","Playlist","GB28K1800089","4wqIXeDppYSMXaWsnTzpzT"
"Nothing Breaks Like a Heart (feat. Miley Cyrus)","Mark Ronson","Late Night Feelings","Bestest","Playlist","GBARL1801571","02dRkCEc8Q5ch4TTcnLxOn"
"Situation - 2008 Remaster","Yazoo","In Your Room","Bestest","Playlist","GBAJH0800147","7Adxt6GqSVRjvWQ83SM49j"
"Breakeven","The Script","The Script","Bestest","Playlist","GBARL0800147","285hMzLhJwHVLe9QT9qilk"
"Video Killed The Radio Star","The Buggles","The Age Of Plastic","Bestest","Playlist","GBAAN7900013","7o7E1nrHWncYY7PY94gCiX"
"The Drum","Alan Walker","The Drum","Bestest","Playlist","NOG842205010","1zOOl8f7qkjj0AmvlCfLyQ"
"Smooth Operator - 2011 Remastered","Sade","The Ultimate Collection","Bestest","Playlist","GBARL1100319","28XDE6yXI6Bp4U3nLSGqzp"
"Dancin - Krono Remix","Aaron Smith","Ibiza 2019","Bestest","Playlist","GBWUL1901086","4IlqQhaxrGPxmg35YcXXuS"
"Making Love Out of Nothing at All","Air Supply","All Out Of Love","Bestest","Playlist","USAR18300001","01MXkFA8sL7at6txavDErt"
"Dancing Queen","ABBA","Arrival","Bestest","Playlist","SEAYD7601020","0GjEhVFGZW8afUYGChu3Rr"
"Eastside (with Halsey & Khalid)","benny blanco","Eastside (with Halsey & Khalid)","Bestest","Playlist","USUM71809132","0d2iYfpKoM0QCKvcLCkBao"
"Bloody Mary","Lady Gaga","Born This Way (International Special Edition Version)","Bestest","Playlist","USUM71106449","53jnnqFSRGMDB9ADrNriCA"
"Smooth (feat. Rob Thomas)","Santana","Supernatural (Remastered)","Bestest","Playlist","USAR19900033","0n2SEXB2qoRQg171q7XqeW"
"La lecon particuliere","Francis Lai","La Lecon Particuliere - Poetic Rizz","Bestest","Playlist","CH1956980330","1MDy1pR75sPtgFcUzP407o"
"Sharks","Imagine Dragons","Sharks","Bestest","Playlist","USUM72205464","0TyUOnU4H4GLqOcrH0auc8"
"Can't Take My Eyes Off of You - Black Box Mix","Gloria Gaynor","Gloria Gaynor '90 (All New Versions)","Bestest","Playlist","ITQ039000016","1ip1ULxxvAzaqH3VqKObdu"
"Back To Black","Amy Winehouse","Back To Black","Bestest","Playlist","GBUM70604698","30FURVTCpbKyykjSEQzGkH"
"Dirty Diana","Michael Jackson","Number Ones","Bestest","Playlist","USSM19909072","6JZYMxvcoeLD4IifJPvDux"
"Only Girl (In The World)","Rihanna","Loud","Bestest","Playlist","USUM71023200","0AH6WMe3OlAlUb5miXt2FQ"
"All Star","Smash Mouth","Astro Lounge","Bestest","Playlist","USIR19902220","3cfOd4CMv2snFaKAnMdnvK"
"Me and the Devil","Soap&Skin","Sugarbread","Bestest","Playlist","BEP011300085","0wrWxW18WK2MkrfDpRHkyh"
"You're Fucked","Ylvis","Stories From Norway: Northug","Bestest","Playlist","NOUM71800065","2dOwL7OS1lMfAL0il4y2Wx"
"Empire State Of Mind","JAY-Z","The Blueprint 3","Bestest","Playlist","USJZ10900031","2igwFfvr1OAGX9SKDCPBwO"
"West Coast","OneRepublic","West Coast","Bestest","Playlist","USUM72202540","0sBJA2OCEECMs0HsdIQhvR"
"I Lived","OneRepublic","Native","Bestest","Playlist","USUM71301307","3IQF4xCQUPicbA4hWfTxPo"
"Forever Young","Alphaville","Forever Young","Bestest","Playlist","DEA629260150","4S1VYqwfkLit9mKVY3MXoo"
"Send Me An Angel","Real Life","Heartland","Bestest","Playlist","USCRB1109415","3HCDGtLZabH3umLgwCBpDB"
"Send Me An Angel '89","Real Life","Send Me An Angel (Remixes)","Bestest","Playlist","USCRB0100920","2In9NTd9ViB00YylFoiOPP"
"Starships","Nicki Minaj","Pink Friday ... Roman Reloaded (Deluxe Edition)","Bestest","Playlist","USCM51200060","1UgW0l9aia2l4SjQSGwF2q"
"Feel This Moment (feat. Christina Aguilera)","Pitbull","Global Warming: Meltdown (Deluxe Version)","Bestest","Playlist","USRC11201328","0Hf4aIJpsN4Os2f0y0VqWl"
"Tattoo","Loreen","Tattoo","Bestest","Playlist","SEUM72201638","1DmW5Ep6ywYwxc2HMT5BG6"
"Dragostea din tei","O-Zone","DiscO-Zone","Bestest","Playlist","ROMSA0600487","52Zr0sinhWTCRrQhRRY4EP"
"The Show Must Go On - Remastered 2011","Queen","Innuendo (2011 Remaster)","Bestest","Playlist","GBUM71106221","5n6RDaGFSN88oRWuGtYAIN"
"Don't Stop Me Now - Remastered 2011","Queen","Jazz (2011 Remaster)","Bestest","Playlist","GBUM71029610","5T8EDUDqKcs6OSOwEsfqG7"
"My Heart Is Refusing Me","Loreen","Heal","Bestest","Playlist","SEPQA1201797","0sg9jTiFokw2U15qGK7wPK"
"Physical","Dua Lipa","Future Nostalgia","Bestest","Playlist","GBAHT1901298","3AzjcOeAmA57TIOr9zF1ZW"
"Music Sounds Better With You","Stardust","Music Sounds Better With You","Bestest","Playlist","FR11Q9800000","303ccTay2FiDTZ9fZ2AdBt"
"Ain't No Rest for the Wicked","Cage The Elephant","Cage The Elephant (Expanded Edition)","Bestest","Playlist","USJI10900260","3Pzh926pXggbMe2ZpXyMV7"
"Rather Be (feat. Jess Glynne)","Clean Bandit","New Eyes","Bestest","Playlist","GBAHS1300498","61dCUoMCg28qEBzrW6htYM"
"Lovers on the Sun (feat. Sam Martin)","David Guetta","Listen","Bestest","Playlist","GB28K1400016","2rgtCOVK2tpfao2VjURn84"